id,number,label
"e99a546a-8faf-32ee-9938-079dfdd67325","#1200",
"e60afba2-a986-31bb-ab29-5d57980dec15","#1104",
"c59c4e5f-1b5e-3181-88b1-44d8a2ba5915","#1202",
"a19e4851-a70c-3015-b82a-b42a56423f75","+447777888882","UK Support"
"a015da5d-a9c5-31e5-9042-4550bedfb56d","#1103",
"579b5164-d586-3a38-90f5-6ff491b5cc9f","#1210",
"540bf89c-ef5d-3904-a2e5-505b973d5fa5","#1110","JR Mobile"
"339d4b59-6135-38cb-806e-f8651a05aee7","#1204",
"9c0804b5-d800-3bde-83f3-424a7afd9492","#1100","Sam Marsh's Extension"
"5db011e1-902e-3342-a36b-1faf8a30edfe","+447777888881","UK Sales"
"0f9f454b-ece3-375e-afe7-51cebfb090d7","+447770123123",
